year,month,count,median_tip
2019,1,5462338,22.22222222222222
2019,2,5164758,26.0
2019,3,5697701,26.190476190476193
2019,4,5331684,26.190476190476193
2019,5,5431608,26.0
2019,6,4952447,25.93103448275862
2019,7,4387521,26.08
2019,8,4177053,26.163934426229506
2019,9,4686109,25.90909090909091
2019,10,5177750,26.0
2019,11,4938585,26.0
2019,12,4834824,26.190476190476193
